nr;U common;obciążenie wyjścia INA199;B;A;U common;obciążenie wyjścia INA199;B;A;U common;obciążenie wyjścia INA199;B;A;U common;obciążenie wyjścia INA199;B;A;U common;obciążenie wyjścia INA199;B;A;U common;obciążenie wyjścia INA199;B;A;U common;obciążenie wyjścia INA199;B;A;U common;obciążenie wyjścia INA199;B;A
NR148;3,700000;NO;2,510109;-1,508123;3,700000;YES;2,510926;-1,507621;7,400000;NO;2,510518;-1,508025;7,400000;YES;2,510461;-1,507852;12,000000;NO;2,510377;-1,507757;12,000000;YES;2,510220;-1,507791;18,000000;NO;2,510032;-1,508299;18,000000;YES;2,510386;-1,507984
NR145;3,700000;NO;2,508388;-1,504443;3,700000;YES;2,509146;-1,503577;7,400000;NO;2,509119;-1,503811;7,400000;YES;2,509070;-1,503974;12,000000;NO;2,509587;-1,503838;12,000000;YES;2,509657;-1,503821;18,000000;NO;2,509650;-1,504289;18,000000;YES;2,510056;-1,504079
NR147;3,700000;NO;2,498544;-1,505679;3,700000;YES;2,498885;-1,504897;7,400000;NO;2,499157;-1,504868;7,400000;YES;2,498787;-1,504860;12,000000;NO;2,499368;-1,505061;12,000000;YES;2,499537;-1,504945;18,000000;NO;2,500064;-1,505882;18,000000;YES;2,500318;-1,505984
NR146;3,700000;NO;2,499338;-1,514810;3,700000;YES;2,499805;-1,514077;7,400000;NO;2,499786;-1,514455;7,400000;YES;2,499769;-1,514472;12,000000;NO;2,499887;-1,514469;12,000000;YES;2,499880;-1,514319;18,000000;NO;2,499724;-1,514806;18,000000;YES;2,499426;-1,515179
NR160;3,700000;NO;2,502994;-1,507919;3,700000;YES;2,502389;-1,506071;7,400000;NO;2,503752;-1,507791;7,400000;YES;2,504310;-1,507268;12,000000;NO;2,504913;-1,507328;12,000000;YES;2,505815;-1,508377;18,000000;NO;2,508310;-1,507846;18,000000;YES;2,508628;-1,507552
NR157;3,700000;NO;2,501980;-1,508049;3,700000;YES;2,502924;-1,507539;7,400000;NO;2,502539;-1,507766;7,400000;YES;2,502677;-1,507530;12,000000;NO;2,502363;-1,508036;12,000000;YES;2,502267;-1,507772;18,000000;NO;2,501756;-1,508180;18,000000;YES;2,501616;-1,507926
NR158;3,700000;NO;2,498559;-1,503778;3,700000;YES;2,498702;-1,503030;7,400000;NO;2,498532;-1,503436;7,400000;YES;2,498691;-1,503267;12,000000;NO;2,498165;-1,503362;12,000000;YES;2,498031;-1,503409;18,000000;NO;2,497875;-1,503868;18,000000;YES;2,498283;-1,503473
NR144;3,700000;NO;2,505174;-1,503279;3,700000;YES;2,505210;-1,503008;7,400000;NO;2,505678;-1,502986;7,400000;YES;2,505977;-1,503180;12,000000;NO;2,506389;-1,503335;12,000000;YES;2,506787;-1,502808;18,000000;NO;2,506740;-1,503311;18,000000;YES;2,506595;-1,503673
NR143;3,700000;NO;2,508337;-1,513691;3,700000;YES;2,509455;-1,512875;7,400000;NO;2,509494;-1,513157;7,400000;YES;2,509541;-1,512943;12,000000;NO;2,509592;-1,513368;12,000000;YES;2,509501;-1,513039;18,000000;NO;2,509143;-1,513366;18,000000;YES;2,509173;-1,513656
NR142;3,700000;NO;2,504041;-1,501456;3,700000;YES;2,503696;-1,501795;7,400000;NO;2,502767;-1,501779;7,400000;YES;2,502351;-1,502254;12,000000;NO;2,501901;-1,502484;12,000000;YES;2,501728;-1,502719;18,000000;NO;2,501502;-1,502570;18,000000;YES;2,501162;-1,503051
NR193;3,700000;NO;2,510096;-1,510045;3,700000;YES;2,510321;-1,509299;7,400000;NO;2,510478;-1,509412;7,400000;YES;2,510205;-1,509695;12,000000;NO;2,510656;-1,509475;12,000000;YES;2,510687;-1,509233;18,000000;NO;2,510917;-1,509776;18,000000;YES;2,510392;-1,509882
NR194;3,700000;NO;2,494087;-1,506766;3,700000;YES;2,494576;-1,506072;7,400000;NO;2,494673;-1,506158;7,400000;YES;2,494468;-1,506168;12,000000;NO;2,494657;-1,506552;12,000000;YES;2,494429;-1,506225;18,000000;NO;2,494678;-1,506772;18,000000;YES;2,494687;-1,506600
NR195;3,700000;NO;2,493250;-1,504045;3,700000;YES;2,494099;-1,502965;7,400000;NO;2,493769;-1,503275;7,400000;YES;2,493492;-1,503625;12,000000;NO;2,493335;-1,503665;12,000000;YES;2,493261;-1,503767;18,000000;NO;2,493252;-1,504206;18,000000;YES;2,493102;-1,503609
NR203;3,700000;NO;2,499640;-1,512025;3,700000;YES;2,499844;-1,511686;7,400000;NO;2,500444;-1,511308;7,400000;YES;2,500325;-1,511593;12,000000;NO;2,500483;-1,511997;12,000000;YES;2,500624;-1,511522;18,000000;NO;2,500890;-1,512217;18,000000;YES;2,500870;-1,512270
NR204;3,700000;NO;2,499970;-1,508482;3,700000;YES;2,500658;-1,508146;7,400000;NO;2,501181;-1,508222;7,400000;YES;2,501201;-1,508274;12,000000;NO;2,501687;-1,508180;12,000000;YES;2,501644;-1,508107;18,000000;NO;2,502472;-1,508323;18,000000;YES;2,502076;-1,508736
NR201;3,700000;NO;2,500183;-1,503848;3,700000;YES;2,500744;-1,502779;7,400000;NO;2,501028;-1,503126;7,400000;YES;2,500756;-1,502954;12,000000;NO;2,501033;-1,502942;12,000000;YES;2,500971;-1,503471;18,000000;NO;2,501352;-1,503614;18,000000;YES;2,501526;-1,503405
NR198;3,700000;NO;2,497119;-1,500816;3,700000;YES;2,497748;-1,499943;7,400000;NO;2,497849;-1,500276;7,400000;YES;2,497637;-1,500266;12,000000;NO;2,498203;-1,500397;12,000000;YES;2,498076;-1,500286;18,000000;NO;2,498317;-1,500882;18,000000;YES;2,498402;-1,500471
NR200;3,700000;NO;2,500182;-1,506422;3,700000;YES;2,500892;-1,505426;7,400000;NO;2,500814;-1,506011;7,400000;YES;2,500361;-1,505818;12,000000;NO;2,500660;-1,505958;12,000000;YES;2,500717;-1,506240;18,000000;NO;2,500720;-1,505827;18,000000;YES;2,500482;-1,506058
NR199;3,700000;NO;2,499872;-1,509355;3,700000;YES;2,500082;-1,509001;7,400000;NO;2,500304;-1,508991;7,400000;YES;2,500180;-1,508977;12,000000;NO;2,500355;-1,509396;12,000000;YES;2,500206;-1,509349;18,000000;NO;2,500512;-1,509639;18,000000;YES;2,500646;-1,509748
NR209;3,700000;NO;2,498973;-1,511886;3,700000;YES;2,499214;-1,510275;7,400000;NO;2,499119;-1,511090;7,400000;YES;2,499185;-1,511086;12,000000;NO;2,499339;-1,511311;12,000000;YES;2,499326;-1,511438;18,000000;NO;2,499603;-1,511444;18,000000;YES;2,499762;-1,511576
NR210;3,700000;NO;2,501735;-1,504642;3,700000;YES;2,502521;-1,503769;7,400000;NO;2,503084;-1,503614;7,400000;YES;2,503035;-1,503764;12,000000;NO;2,503237;-1,503998;12,000000;YES;2,503025;-1,503943;18,000000;NO;2,503512;-1,504387;18,000000;YES;2,503292;-1,504256
NR211;3,700000;NO;2,500711;-1,498878;3,700000;YES;2,500810;-1,498774;7,400000;NO;2,501052;-1,498869;7,400000;YES;2,500967;-1,498982;12,000000;NO;2,500918;-1,498970;12,000000;YES;2,500910;-1,499086;18,000000;NO;2,500821;-1,499576;18,000000;YES;2,500991;-1,499133
NR212;3,700000;NO;2,499579;-1,511518;3,700000;YES;2,499900;-1,511084;7,400000;NO;2,499918;-1,511032;7,400000;YES;2,499714;-1,510879;12,000000;NO;2,499342;-1,511395;12,000000;YES;2,499738;-1,510907;18,000000;NO;2,498989;-1,511835;18,000000;YES;2,499212;-1,511678
NR190;3,700000;NO;2,502377;-1,509110;3,700000;YES;2,502660;-1,508660;7,400000;NO;2,502567;-1,509148;7,400000;YES;2,502722;-1,508866;12,000000;NO;2,502739;-1,509344;12,000000;YES;2,502327;-1,509309;18,000000;NO;2,502808;-1,509376;18,000000;YES;2,502630;-1,509240
NR191;3,700000;NO;2,504875;-1,505107;3,700000;YES;2,505102;-1,504550;7,400000;NO;2,505255;-1,505022;7,400000;YES;2,505171;-1,504562;12,000000;NO;2,505433;-1,505121;12,000000;YES;2,505431;-1,504928;18,000000;NO;2,505749;-1,505009;18,000000;YES;2,505811;-1,505339
NR192;3,700000;NO;2,498854;-1,506351;3,700000;YES;2,499520;-1,505722;7,400000;NO;2,499459;-1,505788;7,400000;YES;2,499625;-1,505672;12,000000;NO;2,499693;-1,505873;12,000000;YES;2,499345;-1,506068;18,000000;NO;2,499538;-1,506037;18,000000;YES;2,499585;-1,506069
NR
NR153;3,700000;NO;2,513119;-1,514508;3,700000;YES;2,513618;-1,513777;7,400000;NO;2,514212;-1,514101;7,400000;YES;2,514134;-1,514059;12,000000;NO;2,514955;-1,514215;12,000000;YES;2,514932;-1,513985;18,000000;NO;2,515874;-1,514396;18,000000;YES;2,516022;-1,514377
NR155;3,700000;NO;2,499449;-1,511307;3,700000;YES;2,500053;-1,510634;7,400000;NO;2,499528;-1,510742;7,400000;YES;2,499830;-1,510672;12,000000;NO;2,499293;-1,510953;12,000000;YES;2,499316;-1,511127;18,000000;NO;2,499143;-1,510986;18,000000;YES;2,499105;-1,511343
NR156;3,700000;NO;2,493728;-1,507832;3,700000;YES;2,494249;-1,507092;7,400000;NO;2,494654;-1,506753;7,400000;YES;2,494484;-1,507081;12,000000;NO;2,494866;-1,507265;12,000000;YES;2,494703;-1,507255;18,000000;NO;2,495672;-1,507531;18,000000;YES;2,495868;-1,507496
NR129;3,700000;NO;2,508191;-1,511696;3,700000;YES;2,508929;-1,510983;7,400000;NO;2,508780;-1,511180;7,400000;YES;2,508822;-1,511369;12,000000;NO;2,508588;-1,511531;12,000000;YES;2,508625;-1,511531;18,000000;NO;2,508627;-1,511646;18,000000;YES;2,508572;-1,511528
NR130;3,700000;NO;2,503452;-1,512318;3,700000;YES;2,503506;-1,512063;7,400000;NO;2,504072;-1,512043;7,400000;YES;2,504065;-1,511625;12,000000;NO;2,504042;-1,512201;12,000000;YES;2,504202;-1,512306;18,000000;NO;2,504593;-1,512367;18,000000;YES;2,504548;-1,512316
NR131;3,700000;NO;2,497574;-1,512617;3,700000;YES;2,498237;-1,512013;7,400000;NO;2,497583;-1,512290;7,400000;YES;2,497643;-1,512255;12,000000;NO;2,496869;-1,512558;12,000000;YES;2,497134;-1,512661;18,000000;NO;2,496627;-1,512780;18,000000;YES;2,496317;-1,512920
NR132;3,700000;NO;2,497634;-1,507750;3,700000;YES;2,498152;-1,507145;7,400000;NO;2,498382;-1,507283;7,400000;YES;2,498363;-1,507128;12,000000;NO;2,499236;-1,507466;12,000000;YES;2,499071;-1,507524;18,000000;NO;2,500273;-1,507779;18,000000;YES;2,500312;-1,507476
NR205;3,700000;NO;2,505579;-1,510980;3,700000;YES;2,506524;-1,510324;7,400000;NO;2,506497;-1,510428;7,400000;YES;2,506463;-1,510657;12,000000;NO;2,506463;-1,510684;12,000000;YES;2,506294;-1,510954;18,000000;NO;2,506388;-1,510849;18,000000;YES;2,506125;-1,510828
NR206;3,700000;NO;2,501142;-1,515627;3,700000;YES;2,501416;-1,515178;7,400000;NO;2,501640;-1,515269;7,400000;YES;2,501744;-1,515355;12,000000;NO;2,501756;-1,515381;12,000000;YES;2,501722;-1,515610;18,000000;NO;2,501866;-1,516041;18,000000;YES;2,501767;-1,515589
NR207;3,700000;NO;2,499057;-1,510284;3,700000;YES;2,499255;-1,509843;7,400000;NO;2,499000;-1,509797;7,400000;YES;2,499017;-1,509699;12,000000;NO;2,498377;-1,510239;12,000000;YES;2,498578;-1,509924;18,000000;NO;2,498244;-1,510390;18,000000;YES;2,498291;-1,510216
NR208;3,700000;NO;2,506237;-1,504550;3,700000;YES;2,506528;-1,503871;7,400000;NO;2,506212;-1,504190;7,400000;YES;2,506508;-1,503808;12,000000;NO;2,506466;-1,504633;12,000000;YES;2,506174;-1,504230;18,000000;NO;2,506419;-1,504508;18,000000;YES;2,506226;-1,504521
NR221;3,700000;NO;2,495232;-1,509686;3,700000;YES;2,495579;-1,509041;7,400000;NO;2,495669;-1,508910;7,400000;YES;2,495730;-1,508994;12,000000;NO;2,495960;-1,509136;12,000000;YES;2,495952;-1,509164;18,000000;NO;2,495404;-1,509348;18,000000;YES;2,495410;-1,509678
NR223;3,700000;NO;2,506686;-1,510145;3,700000;YES;2,507335;-1,509224;7,400000;NO;2,507156;-1,509414;7,400000;YES;2,507068;-1,509620;12,000000;NO;2,506581;-1,509601;12,000000;YES;2,506568;-1,509633;18,000000;NO;2,505933;-1,509527;18,000000;YES;2,505923;-1,509841
NR224;3,700000;NO;2,507564;-1,507594;3,700000;YES;2,508120;-1,506687;7,400000;NO;2,507980;-1,507089;7,400000;YES;2,508274;-1,506689;12,000000;NO;2,508015;-1,507187;12,000000;YES;2,507895;-1,507141;18,000000;NO;2,507666;-1,507316;18,000000;YES;2,507567;-1,507140
NR261;3,700000;NO;2,497257;-1,510503;3,700000;YES;2,497393;-1,510167;7,400000;NO;2,497387;-1,510181;7,400000;YES;2,497324;-1,510259;12,000000;NO;2,497234;-1,510801;12,000000;YES;2,497335;-1,510464;18,000000;NO;2,497322;-1,510593;18,000000;YES;2,497190;-1,510698
NR264;3,700000;NO;2,501694;-1,513921;3,700000;YES;2,502355;-1,513201;7,400000;NO;2,501954;-1,513172;7,400000;YES;2,501978;-1,513324;12,000000;NO;2,501789;-1,513644;12,000000;YES;2,501618;-1,513533;18,000000;NO;2,500996;-1,513785;18,000000;YES;2,501440;-1,513713
NR262;3,700000;NO;2,496284;-1,513639;3,700000;YES;2,496714;-1,513227;7,400000;NO;2,496758;-1,513303;7,400000;YES;2,496694;-1,513253;12,000000;NO;2,497153;-1,513420;12,000000;YES;2,496820;-1,513461;18,000000;NO;2,497129;-1,513648;18,000000;YES;2,497299;-1,513757
NR263;3,700000;NO;2,511539;-1,508012;3,700000;YES;2,511921;-1,507263;7,400000;NO;2,512028;-1,507291;7,400000;YES;2,511914;-1,507747;12,000000;NO;2,512430;-1,507578;12,000000;YES;2,512364;-1,507681;18,000000;NO;2,512849;-1,507869;18,000000;YES;2,512717;-1,508027
NR214;3,700000;NO;2,507656;-1,506997;3,700000;YES;2,508177;-1,506122;7,400000;NO;2,508051;-1,505929;7,400000;YES;2,507933;-1,506141;12,000000;NO;2,508276;-1,506474;12,000000;YES;2,508140;-1,506469;18,000000;NO;2,508172;-1,506802;18,000000;YES;2,508062;-1,506593
NR215;3,700000;NO;2,493365;-1,506299;3,700000;YES;2,493813;-1,505899;7,400000;NO;2,493499;-1,506063;7,400000;YES;2,493651;-1,505913;12,000000;NO;2,493122;-1,506338;12,000000;YES;2,493273;-1,506409;18,000000;NO;2,492873;-1,506414;18,000000;YES;2,492436;-1,506377
NR216;3,700000;NO;2,507268;-1,509277;3,700000;YES;2,507842;-1,508666;7,400000;NO;2,507856;-1,509086;7,400000;YES;2,507865;-1,509040;12,000000;NO;2,507905;-1,509031;12,000000;YES;2,507769;-1,509164;18,000000;NO;2,507813;-1,509146;18,000000;YES;2,507824;-1,509566
NR337;3,700000;NO;2,498645;-1,504641;3,700000;YES;2,499288;-1,503912;7,400000;NO;2,499480;-1,503710;7,400000;YES;2,499152;-1,503967;12,000000;NO;2,499142;-1,504302;12,000000;YES;2,499330;-1,503915;18,000000;NO;2,499258;-1,504477;18,000000;YES;2,499101;-1,504465
NR340;3,700000;NO;2,492188;-1,506920;3,700000;YES;2,492856;-1,506717;7,400000;NO;2,492887;-1,506584;7,400000;YES;2,493156;-1,506453;12,000000;NO;2,493032;-1,506962;12,000000;YES;2,493002;-1,506737;18,000000;NO;2,493097;-1,507200;18,000000;YES;2,492880;-1,507221
NR338;3,700000;NO;2,495688;-1,503108;3,700000;YES;2,495951;-1,503024;7,400000;NO;2,495587;-1,503195;7,400000;YES;2,496043;-1,503301;12,000000;NO;2,495715;-1,503298;12,000000;YES;2,495634;-1,502995;18,000000;NO;2,495175;-1,503836;18,000000;YES;2,495506;-1,503447
NR339;3,700000;NO;2,499954;-1,507115;3,700000;YES;2,500411;-1,506035;7,400000;NO;2,500867;-1,506150;7,400000;YES;2,500875;-1,506165;12,000000;NO;2,501198;-1,506171;12,000000;YES;2,501067;-1,506133;18,000000;NO;2,500885;-1,506520;18,000000;YES;2,500882;-1,506392
NR217;3,700000;NO;2,509747;-1,504039;3,700000;YES;2,510520;-1,503458;7,400000;NO;2,510544;-1,503764;7,400000;YES;2,510716;-1,503245;12,000000;NO;2,510242;-1,504041;12,000000;YES;2,510592;-1,503806;18,000000;NO;2,510908;-1,503787;18,000000;YES;2,510693;-1,503917
NR218;3,700000;NO;2,506522;-1,508071;3,700000;YES;2,507442;-1,507637;7,400000;NO;2,507750;-1,507538;7,400000;YES;2,507592;-1,507722;12,000000;NO;2,507738;-1,507891;12,000000;YES;2,507805;-1,507601;18,000000;NO;2,508328;-1,507808;18,000000;YES;2,508096;-1,507886
NR220;3,700000;NO;2,495656;-1,499928;3,700000;YES;2,496009;-1,499216;7,400000;NO;2,495947;-1,499662;7,400000;YES;2,495884;-1,499357;12,000000;NO;2,495902;-1,499555;12,000000;YES;2,496021;-1,499477;18,000000;NO;2,496012;-1,499723;18,000000;YES;2,496208;-1,499732
NR219;3,700000;NO;2,505188;-1,502958;3,700000;YES;2,505807;-1,502444;7,400000;NO;2,505842;-1,502427;7,400000;YES;2,506001;-1,502344;12,000000;NO;2,505968;-1,502908;12,000000;YES;2,506159;-1,502291;18,000000;NO;2,506261;-1,502889;18,000000;YES;2,506383;-1,502901
NR274;3,700000;NO;2,513058;-1,517449;3,700000;YES;2,513372;-1,516714;7,400000;NO;2,513777;-1,516812;7,400000;YES;2,513480;-1,516570;12,000000;NO;2,513927;-1,516967;12,000000;YES;2,513578;-1,516975;18,000000;NO;2,514178;-1,517233;18,000000;YES;2,514022;-1,516942
NR275;3,700000;NO;2,508068;-1,500493;3,700000;YES;2,508470;-1,500059;7,400000;NO;2,507977;-1,500517;7,400000;YES;2,508371;-1,500328;12,000000;NO;2,508517;-1,500278;12,000000;YES;2,508080;-1,500154;18,000000;NO;2,507935;-1,500684;18,000000;YES;2,507968;-1,500908
NR276;3,700000;NO;2,499509;-1,503457;3,700000;YES;2,499844;-1,502231;7,400000;NO;2,499733;-1,502335;7,400000;YES;2,500010;-1,502470;12,000000;NO;2,500005;-1,502318;12,000000;YES;2,499876;-1,502937;18,000000;NO;2,500024;-1,502978;18,000000;YES;2,499673;-1,503056
NR312;3,700000;NO;2,511763;-1,503609;3,700000;YES;2,512329;-1,502840;7,400000;NO;2,511638;-1,503128;7,400000;YES;2,511786;-1,502954;12,000000;NO;2,511439;-1,502674;12,000000;YES;2,511337;-1,503119;18,000000;NO;2,510529;-1,503049;18,000000;YES;2,510299;-1,503593
NR324;3,700000;NO;2,503844;-1,499755;3,700000;YES;2,504437;-1,499549;7,400000;NO;2,504399;-1,499528;7,400000;YES;2,504516;-1,499801;12,000000;NO;2,504683;-1,499855;12,000000;YES;2,504713;-1,499726;18,000000;NO;2,504359;-1,499929;18,000000;YES;2,504411;-1,500086
NR309;3,700000;NO;2,492340;-1,505208;3,700000;YES;2,492691;-1,504749;7,400000;NO;2,492224;-1,504930;7,400000;YES;2,492236;-1,504837;12,000000;NO;2,491706;-1,504838;12,000000;YES;2,491837;-1,505139;18,000000;NO;2,491296;-1,505041;18,000000;YES;2,490789;-1,505091
NR321;3,700000;NO;2,500062;-1,504097;3,700000;YES;2,500613;-1,503139;7,400000;NO;2,500226;-1,503200;7,400000;YES;2,500127;-1,503379;12,000000;NO;2,499734;-1,503675;12,000000;YES;2,499776;-1,503567;18,000000;NO;2,499595;-1,503973;18,000000;YES;2,499434;-1,503957
NR311;3,700000;NO;2,490518;-1,506270;3,700000;YES;2,491343;-1,505521;7,400000;NO;2,491416;-1,505855;7,400000;YES;2,491502;-1,505496;12,000000;NO;2,491455;-1,505188;12,000000;YES;2,491746;-1,505593;18,000000;NO;2,491552;-1,506148;18,000000;YES;2,491907;-1,505844
NR322;3,700000;NO;2,505636;-1,500915;3,700000;YES;2,506521;-1,500520;7,400000;NO;2,506636;-1,500237;7,400000;YES;2,506847;-1,500363;12,000000;NO;2,507178;-1,500699;12,000000;YES;2,506792;-1,500323;18,000000;NO;2,507365;-1,500565;18,000000;YES;2,507288;-1,500676
NR323;3,700000;NO;2,502208;-1,500541;3,700000;YES;2,502650;-1,499590;7,400000;NO;2,502678;-1,500151;7,400000;YES;2,502467;-1,499663;12,000000;NO;2,502514;-1,500129;12,000000;YES;2,502537;-1,500244;18,000000;NO;2,502316;-1,500149;18,000000;YES;2,502721;-1,500145
NR71;3,700000;NO;2,500256;-1,503930;3,700000;YES;2,501026;-1,503211;7,400000;NO;2,501425;-1,503320;7,400000;YES;2,501237;-1,503590;12,000000;NO;2,501555;-1,503596;12,000000;YES;2,501643;-1,503469;18,000000;NO;2,501574;-1,503992;18,000000;YES;2,501867;-1,503694
NR77;3,700000;NO;2,491884;-1,507179;3,700000;YES;2,492523;-1,506862;7,400000;NO;2,492484;-1,506801;7,400000;YES;2,492607;-1,506866;12,000000;NO;2,492420;-1,506934;12,000000;YES;2,492964;-1,506686;18,000000;NO;2,492709;-1,507221;18,000000;YES;2,492353;-1,507602
NR85;3,700000;NO;2,505308;-1,514999;3,700000;YES;2,505894;-1,514409;7,400000;NO;2,505905;-1,514289;7,400000;YES;2,505866;-1,514286;12,000000;NO;2,505803;-1,514512;12,000000;YES;2,505705;-1,514671;18,000000;NO;2,506004;-1,514803;18,000000;YES;2,506185;-1,514685
NR91;3,700000;NO;2,509993;-1,506864;3,700000;YES;2,510804;-1,506275;7,400000;NO;2,511016;-1,506444;7,400000;YES;2,510778;-1,506678;12,000000;NO;2,511352;-1,506720;12,000000;YES;2,511693;-1,506569;18,000000;NO;2,512202;-1,506876;18,000000;YES;2,512358;-1,506468
NR98;3,700000;NO;2,501563;-1,506244;3,700000;YES;2,502218;-1,505554;7,400000;NO;2,502716;-1,506018;7,400000;YES;2,502684;-1,505439;12,000000;NO;2,502362;-1,505384;12,000000;YES;2,502550;-1,505918;18,000000;NO;2,502578;-1,506315;18,000000;YES;2,502946;-1,505927
NR95;3,700000;NO;2,501708;-1,504814;3,700000;YES;2,501750;-1,505104;7,400000;NO;2,502313;-1,504037;7,400000;YES;2,502267;-1,504031;12,000000;NO;2,502127;-1,504575;12,000000;YES;2,501923;-1,504431;18,000000;NO;2,501553;-1,504655;18,000000;YES;2,501507;-1,504787
NR94;3,700000;NO;2,508383;-1,505995;3,700000;YES;2,508994;-1,505264;7,400000;NO;2,508734;-1,505276;7,400000;YES;2,508568;-1,505118;12,000000;NO;2,508380;-1,505659;12,000000;YES;2,508411;-1,505577;18,000000;NO;2,508034;-1,505810;18,000000;YES;2,508106;-1,505798
NR99;3,700000;NO;2,497187;-1,510555;3,700000;YES;2,497096;-1,510320;7,400000;NO;2,497574;-1,510308;7,400000;YES;2,497470;-1,510897;12,000000;NO;2,497590;-1,510572;12,000000;YES;2,497335;-1,510707;18,000000;NO;2,497459;-1,510880;18,000000;YES;2,497493;-1,511171
NR70;3,700000;NO;2,494718;-1,502385;3,700000;YES;2,495498;-1,501316;7,400000;NO;2,495133;-1,501969;7,400000;YES;2,495411;-1,501560;12,000000;NO;2,495543;-1,501830;12,000000;YES;2,495511;-1,501757;18,000000;NO;2,495697;-1,502034;18,000000;YES;2,495568;-1,502070
NR61;3,700000;NO;2,503662;-1,504076;3,700000;YES;2,504236;-1,503686;7,400000;NO;2,503279;-1,503481;7,400000;YES;2,502938;-1,503649;12,000000;NO;2,502685;-1,503879;12,000000;YES;2,502887;-1,503934;18,000000;NO;2,502802;-1,504208;18,000000;YES;2,502823;-1,504477
NR68;3,700000;NO;2,506349;-1,507066;3,700000;YES;2,507090;-1,506067;7,400000;NO;2,506878;-1,506139;7,400000;YES;2,507245;-1,506193;12,000000;NO;2,507860;-1,506254;12,000000;YES;2,507529;-1,506469;18,000000;NO;2,507967;-1,506454;18,000000;YES;2,508190;-1,506675
NR96;3,700000;NO;2,498479;-1,502887;3,700000;YES;2,499094;-1,501748;7,400000;NO;2,499135;-1,502440;7,400000;YES;2,499228;-1,502218;12,000000;NO;2,499427;-1,502204;12,000000;YES;2,499221;-1,502919;18,000000;NO;2,499663;-1,502218;18,000000;YES;2,499213;-1,502905
NR79;3,700000;NO;2,495574;-1,509116;3,700000;YES;2,496899;-1,507951;7,400000;NO;2,495895;-1,508764;7,400000;YES;2,496533;-1,508142;12,000000;NO;2,496051;-1,508669;12,000000;YES;2,496581;-1,508141;18,000000;NO;2,496522;-1,509039;18,000000;YES;2,497036;-1,508677
NR119;3,700000;NO;2,505165;-1,511556;3,700000;YES;2,505747;-1,510989;7,400000;NO;2,505883;-1,511283;7,400000;YES;2,506112;-1,510949;12,000000;NO;2,506214;-1,511365;12,000000;YES;2,506124;-1,511074;18,000000;NO;2,506243;-1,511423;18,000000;YES;2,506096;-1,511457
NR57;3,700000;NO;2,501172;-1,505937;3,700000;YES;2,501834;-1,505310;7,400000;NO;2,501421;-1,505723;7,400000;YES;2,501586;-1,505634;12,000000;NO;2,501035;-1,505769;12,000000;YES;2,501195;-1,505629;18,000000;NO;2,500926;-1,506071;18,000000;YES;2,500774;-1,505860
NR104;3,700000;NO;2,498950;-1,507232;3,700000;YES;2,499537;-1,506779;7,400000;NO;2,499790;-1,506737;7,400000;YES;2,499689;-1,506676;12,000000;NO;2,499814;-1,506946;12,000000;YES;2,499497;-1,507007;18,000000;NO;2,499699;-1,507244;18,000000;YES;2,499704;-1,507047
NR117;3,700000;NO;2,500239;-1,515514;3,700000;YES;2,501123;-1,514421;7,400000;NO;2,500902;-1,514765;7,400000;YES;2,500979;-1,514811;12,000000;NO;2,500815;-1,514498;12,000000;YES;2,500790;-1,515114;18,000000;NO;2,500594;-1,514869;18,000000;YES;2,500669;-1,514707
NR93;3,700000;NO;2,493651;-1,508041;3,700000;YES;2,494144;-1,507630;7,400000;NO;2,493816;-1,507528;7,400000;YES;2,494061;-1,507509;12,000000;NO;2,493638;-1,507365;12,000000;YES;2,493419;-1,507682;18,000000;NO;2,492914;-1,507939;18,000000;YES;2,493067;-1,507452
NR111;3,700000;NO;2,502769;-1,510941;3,700000;YES;2,503386;-1,509857;7,400000;NO;2,503261;-1,510016;7,400000;YES;2,503571;-1,509903;12,000000;NO;2,503277;-1,510262;12,000000;YES;2,503288;-1,510237;18,000000;NO;2,502741;-1,510467;18,000000;YES;2,502859;-1,510734
NR101;3,700000;NO;2,503052;-1,501444;3,700000;YES;2,503620;-1,500727;7,400000;NO;2,503724;-1,500670;7,400000;YES;2,503629;-1,500792;12,000000;NO;2,503911;-1,500987;12,000000;YES;2,503780;-1,500800;18,000000;NO;2,503821;-1,501271;18,000000;YES;2,503756;-1,501186
NR65;3,700000;NO;2,503872;-1,504019;3,700000;YES;2,504379;-1,503406;7,400000;NO;2,504404;-1,503625;7,400000;YES;2,504465;-1,503336;12,000000;NO;2,504483;-1,503550;12,000000;YES;2,504471;-1,503564;18,000000;NO;2,504675;-1,504012;18,000000;YES;2,504532;-1,503623
NR62;3,700000;NO;2,506250;-1,507838;3,700000;YES;2,506734;-1,507209;7,400000;NO;2,506501;-1,507285;7,400000;YES;2,506513;-1,507467;12,000000;NO;2,506430;-1,507541;12,000000;YES;2,506316;-1,507734;18,000000;NO;2,506466;-1,507913;18,000000;YES;2,506418;-1,507441
NR63;3,700000;NO;2,505080;-1,501096;3,700000;YES;2,505647;-1,500795;7,400000;NO;2,505976;-1,500827;7,400000;YES;2,505966;-1,501021;12,000000;NO;2,505896;-1,501133;12,000000;YES;2,505835;-1,501140;18,000000;NO;2,506347;-1,501156;18,000000;YES;2,506517;-1,501134
NR64;3,700000;NO;2,499499;-1,499783;3,700000;YES;2,500019;-1,498948;7,400000;NO;2,500335;-1,499433;7,400000;YES;2,500013;-1,499512;12,000000;NO;2,499946;-1,499216;12,000000;YES;2,499758;-1,499509;18,000000;NO;2,499636;-1,499423;18,000000;YES;2,499923;-1,499337
NR74;3,700000;NO;2,501514;-1,509515;3,700000;YES;2,501835;-1,508190;7,400000;NO;2,502163;-1,508948;7,400000;YES;2,502232;-1,508715;12,000000;NO;2,502219;-1,508833;12,000000;YES;2,502333;-1,508826;18,000000;NO;2,502009;-1,509478;18,000000;YES;2,502397;-1,509304
NR66;3,700000;NO;2,506124;-1,511306;3,700000;YES;2,506808;-1,510096;7,400000;NO;2,506714;-1,510481;7,400000;YES;2,506841;-1,510045;12,000000;NO;2,506309;-1,510230;12,000000;YES;2,506439;-1,510227;18,000000;NO;2,506063;-1,510846;18,000000;YES;2,505959;-1,510627
NR87;3,700000;NO;2,501789;-1,505084;3,700000;YES;2,502515;-1,503986;7,400000;NO;2,502932;-1,504434;7,400000;YES;2,502855;-1,504337;12,000000;NO;2,503163;-1,504694;12,000000;YES;2,503431;-1,504580;18,000000;NO;2,503817;-1,504567;18,000000;YES;2,503862;-1,504791
NR78;3,700000;NO;2,499316;-1,501503;3,700000;YES;2,499943;-1,500883;7,400000;NO;2,499647;-1,500866;7,400000;YES;2,499647;-1,500832;12,000000;NO;2,499348;-1,501301;12,000000;YES;2,499279;-1,501057;18,000000;NO;2,499112;-1,501130;18,000000;YES;2,499312;-1,501141
NR88;3,700000;NO;2,496699;-1,506484;3,700000;YES;2,497223;-1,505868;7,400000;NO;2,497149;-1,506192;7,400000;YES;2,497036;-1,505859;12,000000;NO;2,497064;-1,506043;12,000000;YES;2,497059;-1,505820;18,000000;NO;2,496957;-1,506434;18,000000;YES;2,496863;-1,506249
NR112;3,700000;NO;2,505353;-1,504573;3,700000;YES;2,505624;-1,503884;7,400000;NO;2,506153;-1,503840;7,400000;YES;2,505873;-1,503838;12,000000;NO;2,506500;-1,504147;12,000000;YES;2,506299;-1,504075;18,000000;NO;2,506964;-1,504444;18,000000;YES;2,506936;-1,504620
NR103;3,700000;NO;2,496284;-1,511299;3,700000;YES;2,496437;-1,510683;7,400000;NO;2,496728;-1,510694;7,400000;YES;2,496641;-1,510448;12,000000;NO;2,496681;-1,510870;12,000000;YES;2,496852;-1,510825;18,000000;NO;2,496831;-1,510998;18,000000;YES;2,496613;-1,511116
NR110;3,700000;NO;2,508940;-1,505837;3,700000;YES;2,507765;-1,507092;7,400000;NO;2,506311;-1,507569;7,400000;YES;2,505915;-1,507565;12,000000;NO;2,505331;-1,507762;12,000000;YES;2,505276;-1,507939;18,000000;NO;2,504401;-1,508474;18,000000;YES;2,504532;-1,508508
NR116;3,700000;NO;2,503376;-1,509786;3,700000;YES;2,504195;-1,508571;7,400000;NO;2,504211;-1,508955;7,400000;YES;2,504299;-1,508767;12,000000;NO;2,504449;-1,509237;12,000000;YES;2,504479;-1,509397;18,000000;NO;2,504894;-1,509541;18,000000;YES;2,504939;-1,509667
NR189;3,700000;NO;2,497560;-1,511759;3,700000;YES;2,497893;-1,511014;7,400000;NO;2,498146;-1,511246;7,400000;YES;2,498286;-1,511021;12,000000;NO;2,498112;-1,511553;12,000000;YES;2,498599;-1,511592;18,000000;NO;2,498165;-1,511494;18,000000;YES;2,498261;-1,511717
NR273;3,700000;NO;2,498828;-1,515135;3,700000;YES;2,499118;-1,514663;7,400000;NO;2,500074;-1,515948;7,400000;YES;2,499684;-1,516438;12,000000;NO;2,500448;-1,516840;12,000000;YES;2,500643;-1,516815;18,000000;NO;2,502297;-1,517344;18,000000;YES;2,502335;-1,517281
NR89;3,700000;NO;2,493118;-1,509992;3,700000;YES;2,493714;-1,508973;7,400000;NO;2,493875;-1,509160;7,400000;YES;2,494088;-1,509300;12,000000;NO;2,494273;-1,509175;12,000000;YES;2,494233;-1,509455;18,000000;NO;2,494413;-1,509640;18,000000;YES;2,494142;-1,509940
NR67;3,700000;NO;2,497790;-1,510163;3,700000;YES;2,498237;-1,509572;7,400000;NO;2,497567;-1,510013;7,400000;YES;2,497391;-1,510283;12,000000;NO;2,497115;-1,510310;12,000000;YES;2,497146;-1,510195;18,000000;NO;2,496740;-1,510364;18,000000;YES;2,496539;-1,510773
NR81;3,700000;NO;2,501591;-1,510184;3,700000;YES;2,502209;-1,509579;7,400000;NO;2,501736;-1,509924;7,400000;YES;2,501968;-1,509821;12,000000;NO;2,501720;-1,509997;12,000000;YES;2,501250;-1,510167;18,000000;NO;2,500574;-1,510206;18,000000;YES;2,500877;-1,510052
NR222;3,700000;NO;2,488521;-1,513194;3,700000;YES;2,489863;-1,512721;7,400000;NO;2,490276;-1,512587;7,400000;YES;2,489497;-1,512014;12,000000;NO;2,488493;-1,513066;12,000000;YES;2,488288;-1,513299;18,000000;NO;2,488321;-1,513489;18,000000;YES;2,488530;-1,513344
NR310;3,700000;NO;2,495931;-1,516084;3,700000;YES;2,497169;-1,514851;7,400000;NO;2,497452;-1,514761;7,400000;YES;2,497449;-1,514533;12,000000;NO;2,497691;-1,514892;12,000000;YES;2,497548;-1,514734;18,000000;NO;2,497555;-1,515159;18,000000;YES;2,497931;-1,515150
NR92;3,700000;NO;2,483408;-1,507182;3,700000;YES;2,484329;-1,506586;7,400000;NO;2,484476;-1,506441;7,400000;YES;2,484486;-1,506468;12,000000;NO;2,484393;-1,506915;12,000000;YES;2,484584;-1,506716;18,000000;NO;2,485128;-1,507058;18,000000;YES;2,484717;-1,507040
NR120;3,700000;NO;2,493324;-1,515780;3,700000;YES;2,493818;-1,514871;7,400000;NO;2,494094;-1,515049;7,400000;YES;2,493728;-1,515115;12,000000;NO;2,493995;-1,515248;12,000000;YES;2,493744;-1,515546;18,000000;NO;2,493709;-1,515631;18,000000;YES;2,494075;-1,515939
NR86;3,700000;NO;2,490829;-1,514946;3,700000;YES;2,491222;-1,514247;7,400000;NO;2,491515;-1,514663;7,400000;YES;2,491337;-1,514586;12,000000;NO;2,491741;-1,514713;12,000000;YES;2,491676;-1,514424;18,000000;NO;2,492072;-1,514797;18,000000;YES;2,491728;-1,514920
NR141;3,700000;NO;2,490863;-1,518601;3,700000;YES;2,491396;-1,517655;7,400000;NO;2,492111;-1,517771;7,400000;YES;2,491866;-1,518015;12,000000;NO;2,492054;-1,518147;12,000000;YES;2,492206;-1,517923;18,000000;NO;2,492923;-1,518272;18,000000;YES;2,492557;-1,518527
NR197;3,700000;NO;2,497728;-1,517895;3,700000;YES;2,498136;-1,517275;7,400000;NO;2,497946;-1,517463;7,400000;YES;2,498089;-1,517437;12,000000;NO;2,498023;-1,517507;12,000000;YES;2,498007;-1,517729;18,000000;NO;2,497977;-1,517897;18,000000;YES;2,497833;-1,517863
NR100;3,700000;NO;2,498614;-1,514588;3,700000;YES;2,499115;-1,513629;7,400000;NO;2,499759;-1,513852;7,400000;YES;2,498875;-1,513844;12,000000;NO;2,499172;-1,513890;12,000000;YES;2,499279;-1,513910;18,000000;NO;2,499260;-1,514292;18,000000;YES;2,499220;-1,514514
NR82;3,700000;NO;2,509529;-1,510752;3,700000;YES;2,510174;-1,510303;7,400000;NO;2,510428;-1,510131;7,400000;YES;2,510088;-1,510303;12,000000;NO;2,510498;-1,510623;12,000000;YES;2,510193;-1,510509;18,000000;NO;2,510402;-1,510324;18,000000;YES;2,510119;-1,510713
NR73;3,700000;NO;2,506673;-1,508307;3,700000;YES;2,505953;-1,508231;7,400000;NO;2,505564;-1,508794;7,400000;YES;2,505337;-1,508488;12,000000;NO;2,507062;-1,508970;12,000000;YES;2,506467;-1,509220;18,000000;NO;2,510701;-1,509195;18,000000;YES;2,509489;-1,509291
NR245;3,700000;NO;2,474393;-1,513632;3,700000;YES;2,474814;-1,513587;7,400000;NO;2,474698;-1,513851;7,400000;YES;2,474730;-1,513638;12,000000;NO;2,474357;-1,513922;12,000000;YES;2,474408;-1,513862;18,000000;NO;2,474139;-1,514005;18,000000;YES;2,474119;-1,514120
NR246;3,700000;NO;2,474313;-1,516878;3,700000;YES;2,475045;-1,516022;7,400000;NO;2,475469;-1,516066;7,400000;YES;2,475253;-1,516574;12,000000;NO;2,475946;-1,516148;12,000000;YES;2,475823;-1,516198;18,000000;NO;2,475916;-1,516597;18,000000;YES;2,476287;-1,516538
NR260;3,700000;NO;2,465910;-1,516155;3,700000;YES;2,466244;-1,515077;7,400000;NO;2,465721;-1,515701;7,400000;YES;2,465965;-1,515430;12,000000;NO;2,465737;-1,515956;12,000000;YES;2,465402;-1,515642;18,000000;NO;2,465324;-1,515883;18,000000;YES;2,465010;-1,515797
NR259;3,700000;NO;2,467231;-1,506388;3,700000;YES;2,467994;-1,505400;7,400000;NO;2,468235;-1,505787;7,400000;YES;2,468073;-1,505700;12,000000;NO;2,468238;-1,505524;12,000000;YES;2,468246;-1,505938;18,000000;NO;2,468432;-1,506072;18,000000;YES;2,468403;-1,505942
NR293;3,700000;NO;2,487459;-1,506966;3,700000;YES;2,488152;-1,506480;7,400000;NO;2,488327;-1,506616;7,400000;YES;2,488475;-1,506577;12,000000;NO;2,488381;-1,507174;12,000000;YES;2,488577;-1,506911;18,000000;NO;2,488916;-1,507091;18,000000;YES;2,488702;-1,507415
NR249;3,700000;NO;2,486240;-1,515777;3,700000;YES;2,487169;-1,515068;7,400000;NO;2,487226;-1,515170;7,400000;YES;2,487165;-1,515218;12,000000;NO;2,487031;-1,515300;12,000000;YES;2,487170;-1,515348;18,000000;NO;2,486965;-1,515630;18,000000;YES;2,487035;-1,515582
NR295;3,700000;NO;2,469431;-1,501377;3,700000;YES;2,469941;-1,500649;7,400000;NO;2,470240;-1,500747;7,400000;YES;2,469997;-1,500657;12,000000;NO;2,470398;-1,500801;12,000000;YES;2,470275;-1,501059;18,000000;NO;2,470279;-1,500885;18,000000;YES;2,470496;-1,500853
NR296;3,700000;NO;2,474521;-1,502930;3,700000;YES;2,474799;-1,502340;7,400000;NO;2,475010;-1,502481;7,400000;YES;2,475182;-1,502440;12,000000;NO;2,475294;-1,502827;12,000000;YES;2,475299;-1,502690;18,000000;NO;2,475777;-1,502892;18,000000;YES;2,475561;-1,503125
NR241;3,700000;NO;2,470370;-1,513803;3,700000;YES;2,471229;-1,512946;7,400000;NO;2,471077;-1,513332;7,400000;YES;2,471340;-1,513047;12,000000;NO;2,471352;-1,513372;12,000000;YES;2,470965;-1,513470;18,000000;NO;2,471134;-1,513708;18,000000;YES;2,470864;-1,513380
NR243;3,700000;NO;2,476735;-1,507439;3,700000;YES;2,477456;-1,506489;7,400000;NO;2,477539;-1,506506;7,400000;YES;2,477498;-1,506860;12,000000;NO;2,477477;-1,506614;12,000000;YES;2,477305;-1,506815;18,000000;NO;2,477085;-1,507132;18,000000;YES;2,477151;-1,507051
NR244;3,700000;NO;2,476244;-1,510581;3,700000;YES;2,476793;-1,509771;7,400000;NO;2,477089;-1,509552;7,400000;YES;2,476816;-1,509727;12,000000;NO;2,477168;-1,510032;12,000000;YES;2,477201;-1,510140;18,000000;NO;2,477523;-1,510128;18,000000;YES;2,477512;-1,510162
NR256;3,700000;NO;2,482442;-1,502214;3,700000;YES;2,482829;-1,501636;7,400000;NO;2,482619;-1,501680;7,400000;YES;2,482645;-1,501541;12,000000;NO;2,482259;-1,501860;12,000000;YES;2,482263;-1,502043;18,000000;NO;2,482042;-1,502129;18,000000;YES;2,481990;-1,502145
NR253;3,700000;NO;2,484597;-1,511573;3,700000;YES;2,484656;-1,511413;7,400000;NO;2,484742;-1,511201;7,400000;YES;2,484763;-1,511495;12,000000;NO;2,484454;-1,511503;12,000000;YES;2,484669;-1,511310;18,000000;NO;2,484384;-1,511741;18,000000;YES;2,484359;-1,511626
NR255;3,700000;NO;2,485516;-1,504864;3,700000;YES;2,486222;-1,504134;7,400000;NO;2,485995;-1,503747;7,400000;YES;2,486154;-1,503622;12,000000;NO;2,485621;-1,504134;12,000000;YES;2,485533;-1,504104;18,000000;NO;2,485087;-1,504662;18,000000;YES;2,484993;-1,504390
NR254;3,700000;NO;2,481741;-1,503547;3,700000;YES;2,482071;-1,502751;7,400000;NO;2,481819;-1,503225;7,400000;YES;2,481657;-1,503189;12,000000;NO;2,481745;-1,503212;12,000000;YES;2,481497;-1,503120;18,000000;NO;2,480918;-1,503230;18,000000;YES;2,481046;-1,503254
NR252;3,700000;NO;2,476722;-1,502969;3,700000;YES;2,477583;-1,501835;7,400000;NO;2,477369;-1,502057;7,400000;YES;2,477518;-1,502099;12,000000;NO;2,477433;-1,502438;12,000000;YES;2,477419;-1,502190;18,000000;NO;2,477360;-1,502577;18,000000;YES;2,477651;-1,502550
NR251;3,700000;NO;2,477865;-1,509073;3,700000;YES;2,478465;-1,508114;7,400000;NO;2,478118;-1,508395;7,400000;YES;2,478153;-1,508649;12,000000;NO;2,477915;-1,508518;12,000000;YES;2,478124;-1,508474;18,000000;NO;2,477366;-1,508828;18,000000;YES;2,477613;-1,508752
NR289;3,700000;NO;2,489542;-1,504743;3,700000;YES;2,490483;-1,504160;7,400000;NO;2,490081;-1,504404;7,400000;YES;2,490002;-1,504142;12,000000;NO;2,489692;-1,504389;12,000000;YES;2,490390;-1,504586;18,000000;NO;2,490408;-1,504506;18,000000;YES;2,490307;-1,504400
NR250;3,700000;NO;2,476764;-1,506580;3,700000;YES;2,477510;-1,505954;7,400000;NO;2,477487;-1,505980;7,400000;YES;2,477583;-1,505886;12,000000;NO;2,477407;-1,506021;12,000000;YES;2,477001;-1,506281;18,000000;NO;2,477187;-1,506437;18,000000;YES;2,477251;-1,505966
NR290;3,700000;NO;2,490853;-1,514228;3,700000;YES;2,492037;-1,513331;7,400000;NO;2,492102;-1,513815;7,400000;YES;2,492177;-1,513525;12,000000;NO;2,492703;-1,513579;12,000000;YES;2,492533;-1,513597;18,000000;NO;2,492828;-1,514186;18,000000;YES;2,493041;-1,514019
NR292;3,700000;NO;2,472719;-1,508488;3,700000;YES;2,473474;-1,507716;7,400000;NO;2,473249;-1,507600;7,400000;YES;2,473272;-1,507722;12,000000;NO;2,472661;-1,508122;12,000000;YES;2,472886;-1,508048;18,000000;NO;2,472379;-1,508011;18,000000;YES;2,472164;-1,508114
NR291;3,700000;NO;2,473859;-1,509305;3,700000;YES;2,474361;-1,509138;7,400000;NO;2,474629;-1,508632;7,400000;YES;2,474725;-1,508590;12,000000;NO;2,474562;-1,508784;12,000000;YES;2,474397;-1,508758;18,000000;NO;2,474053;-1,508882;18,000000;YES;2,473662;-1,508937
NR302;3,700000;NO;2,483608;-1,519119;3,700000;YES;2,484287;-1,518678;7,400000;NO;2,484305;-1,518726;7,400000;YES;2,484400;-1,518885;12,000000;NO;2,484452;-1,518701;12,000000;YES;2,484618;-1,518741;18,000000;NO;2,484185;-1,519176;18,000000;YES;2,484360;-1,519014
NR333;3,700000;NO;2,466252;-1,505132;3,700000;YES;2,467011;-1,504285;7,400000;NO;2,466815;-1,504255;7,400000;YES;2,467168;-1,504172;12,000000;NO;2,467431;-1,504445;12,000000;YES;2,467294;-1,504662;18,000000;NO;2,467204;-1,504911;18,000000;YES;2,466802;-1,504779
NR336;3,700000;NO;2,479734;-1,503332;3,700000;YES;2,480273;-1,502747;7,400000;NO;2,480107;-1,503030;7,400000;YES;2,480602;-1,502922;12,000000;NO;2,480696;-1,502934;12,000000;YES;2,480631;-1,502983;18,000000;NO;2,480461;-1,502967;18,000000;YES;2,480225;-1,503552
NR335;3,700000;NO;2,478460;-1,504972;3,700000;YES;2,479022;-1,504617;7,400000;NO;2,479213;-1,504281;7,400000;YES;2,479225;-1,504748;12,000000;NO;2,479705;-1,504732;12,000000;YES;2,479647;-1,504721;18,000000;NO;2,479657;-1,504947;18,000000;YES;2,479529;-1,505167
NR229;3,700000;NO;2,500416;-1,507832;3,700000;YES;2,501505;-1,506542;7,400000;NO;2,501887;-1,506961;7,400000;YES;2,501997;-1,506857;12,000000;NO;2,501887;-1,507214;12,000000;YES;2,502053;-1,507211;18,000000;NO;2,502299;-1,507391;18,000000;YES;2,502374;-1,507419
NR334;3,700000;NO;2,468082;-1,501738;3,700000;YES;2,469168;-1,500696;7,400000;NO;2,469322;-1,500776;7,400000;YES;2,469370;-1,501038;12,000000;NO;2,469926;-1,500970;12,000000;YES;2,469878;-1,500959;18,000000;NO;2,470536;-1,501249;18,000000;YES;2,470597;-1,501285
NR230;3,700000;NO;2,472222;-1,510037;3,700000;YES;2,473169;-1,509053;7,400000;NO;2,473022;-1,509333;7,400000;YES;2,473289;-1,508701;12,000000;NO;2,473190;-1,509470;12,000000;YES;2,472921;-1,509251;18,000000;NO;2,473033;-1,509694;18,000000;YES;2,472895;-1,509476
NR232;3,700000;NO;2,480695;-1,501147;3,700000;YES;2,481468;-1,500353;7,400000;NO;2,481392;-1,500766;7,400000;YES;2,481727;-1,500735;12,000000;NO;2,481558;-1,500458;12,000000;YES;2,481716;-1,500550;18,000000;NO;2,481575;-1,501047;18,000000;YES;2,481491;-1,500963
NR303;3,700000;NO;2,471127;-1,504282;3,700000;YES;2,472209;-1,503358;7,400000;NO;2,472531;-1,503327;7,400000;YES;2,472710;-1,503186;12,000000;NO;2,472750;-1,503323;12,000000;YES;2,472564;-1,503354;18,000000;NO;2,472813;-1,503887;18,000000;YES;2,472764;-1,503425
NR304;3,700000;NO;2,475728;-1,501934;3,700000;YES;2,476125;-1,501495;7,400000;NO;2,476213;-1,501454;7,400000;YES;2,476079;-1,501657;12,000000;NO;2,476133;-1,501644;12,000000;YES;2,475856;-1,501962;18,000000;NO;2,476156;-1,501962;18,000000;YES;2,476235;-1,501995
NR231;3,700000;NO;2,472510;-1,508724;3,700000;YES;2,473322;-1,507483;7,400000;NO;2,473647;-1,507918;7,400000;YES;2,473735;-1,507880;12,000000;NO;2,473707;-1,508194;12,000000;YES;2,474097;-1,508083;18,000000;NO;2,474289;-1,508505;18,000000;YES;2,474233;-1,508563
NR328;3,700000;NO;2,485017;-1,504338;3,700000;YES;2,485390;-1,503874;7,400000;NO;2,485187;-1,504018;7,400000;YES;2,485557;-1,504106;12,000000;NO;2,485967;-1,504465;12,000000;YES;2,486020;-1,503699;18,000000;NO;2,486023;-1,504427;18,000000;YES;2,485937;-1,504272
NR326;3,700000;NO;2,475007;-1,511894;3,700000;YES;2,475601;-1,511338;7,400000;NO;2,475811;-1,511099;7,400000;YES;2,475786;-1,511392;12,000000;NO;2,475681;-1,511564;12,000000;YES;2,475790;-1,511268;18,000000;NO;2,475684;-1,511711;18,000000;YES;2,475861;-1,511449
NR325;3,700000;NO;2,479202;-1,505674;3,700000;YES;2,479844;-1,504964;7,400000;NO;2,480381;-1,504811;7,400000;YES;2,480322;-1,504932;12,000000;NO;2,480418;-1,504918;12,000000;YES;2,480304;-1,505259;18,000000;NO;2,480715;-1,505544;18,000000;YES;2,480553;-1,505508
NR327;3,700000;NO;2,491151;-1,508813;3,700000;YES;2,492248;-1,507724;7,400000;NO;2,492574;-1,508063;7,400000;YES;2,492568;-1,507952;12,000000;NO;2,492683;-1,508155;12,000000;YES;2,492425;-1,508263;18,000000;NO;2,492575;-1,508370;18,000000;YES;2,492733;-1,508055
NR314;3,700000;NO;2,472107;-1,512787;3,700000;YES;2,472715;-1,512057;7,400000;NO;2,473809;-1,511938;7,400000;YES;2,473634;-1,512096;12,000000;NO;2,474068;-1,512604;12,000000;YES;2,474272;-1,512525;18,000000;NO;2,475430;-1,512410;18,000000;YES;2,475165;-1,512504
NR235;3,700000;NO;2,477200;-1,506320;3,700000;YES;2,477644;-1,505667;7,400000;NO;2,478324;-1,505592;7,400000;YES;2,478528;-1,505530;12,000000;NO;2,478445;-1,505505;12,000000;YES;2,478465;-1,505631;18,000000;NO;2,478592;-1,506055;18,000000;YES;2,478586;-1,506075
NR233;3,700000;NO;2,472126;-1,509907;3,700000;YES;2,472628;-1,509250;7,400000;NO;2,473142;-1,508960;7,400000;YES;2,472960;-1,509089;12,000000;NO;2,473304;-1,509349;12,000000;YES;2,473362;-1,509239;18,000000;NO;2,473535;-1,509538;18,000000;YES;2,473310;-1,509302
NR236;3,700000;NO;2,469747;-1,507406;3,700000;YES;2,470801;-1,506463;7,400000;NO;2,470389;-1,506584;7,400000;YES;2,470395;-1,506636;12,000000;NO;2,469523;-1,507027;12,000000;YES;2,469945;-1,506862;18,000000;NO;2,469157;-1,507122;18,000000;YES;2,469197;-1,506958
NR305;3,700000;NO;2,475991;-1,501746;3,700000;YES;2,476400;-1,501252;7,400000;NO;2,475793;-1,501255;7,400000;YES;2,476548;-1,500677;12,000000;NO;2,475722;-1,501140;12,000000;YES;2,475473;-1,501453;18,000000;NO;2,475403;-1,501833;18,000000;YES;2,475353;-1,501533
NR316;3,700000;NO;2,471872;-1,505385;3,700000;YES;2,472610;-1,504761;7,400000;NO;2,472494;-1,505012;7,400000;YES;2,472532;-1,504901;12,000000;NO;2,472069;-1,504995;12,000000;YES;2,472012;-1,505130;18,000000;NO;2,471622;-1,505474;18,000000;YES;2,471458;-1,505011
NR234;3,700000;NO;2,473659;-1,504184;3,700000;YES;2,474315;-1,503538;7,400000;NO;2,474436;-1,503522;7,400000;YES;2,474465;-1,503370;12,000000;NO;2,474448;-1,503840;12,000000;YES;2,474911;-1,503635;18,000000;NO;2,474892;-1,504139;18,000000;YES;2,475023;-1,503944
NR307;3,700000;NO;2,495171;-1,509699;3,700000;YES;2,495924;-1,508844;7,400000;NO;2,496033;-1,509075;7,400000;YES;2,496194;-1,509022;12,000000;NO;2,496062;-1,509306;12,000000;YES;2,495971;-1,508848;18,000000;NO;2,496068;-1,509637;18,000000;YES;2,495935;-1,509190
NR306;3,700000;NO;2,468438;-1,511238;3,700000;YES;2,468705;-1,511336;7,400000;NO;2,468980;-1,510987;7,400000;YES;2,468359;-1,511364;12,000000;NO;2,468895;-1,511095;12,000000;YES;2,468849;-1,511295;18,000000;NO;2,468823;-1,511525;18,000000;YES;2,468941;-1,511433
